{"name": "", "levels": {"3": {"done": 1, "accuracy": 0.6354238487764505}, "4": {"done": 1, "accuracy": 0.4639987511651858}, "5": {"done": 1, "accuracy": 0.4538826135194504}, "8": {"done": 1, "accuracy": 0.02370455897628889}, "1": {"done": 1, "accuracy": 0.23412555110562439}, "2": {"done": 1, "accuracy": 0.8284581370501408}, "7": {"done": 1, "accuracy": 0.10812325712520668}}}