{"name": "", "settings": {}, "levels": {"1": {"done": 1, "accuracy": 0.24907870952100328}, "2": {"done": 1, "accuracy": 0.8755801828013999}, "3": {"done": 1, "accuracy": 0.5555284719094336}, "6": {"done": 1, "accuracy": 0.09703221827569584}, "4": {"done": 1, "accuracy": 0.49061396815929853}}}