{"name": "", "levels": {"3": {"done": 1, "accuracy": 0.6354238487764505}, "4": {"done": 1, "accuracy": 0.4639987511651858}, "5": {"done": 1, "accuracy": 0.4538826135194504}}}