{"name": "", "settings": {}, "levels": {"1": {"done": 1, "accuracy": 0.983778066465196}, "2": {"done": 1, "accuracy": 0.8755801828013999}, "3": {"done": 1, "accuracy": 0.7009330810661794}, "6": {"done": 1, "accuracy": 0.26502956029938607}, "4": {"done": 1, "accuracy": 0.49061396815929853}}}