{"name": "", "settings": {}, "levels": {"1": {"done": 1, "accuracy": 0.9858632848636656}, "2": {"done": 1, "accuracy": 0.9088187802222566}, "3": {"done": 1, "accuracy": 0.7009330810661794}, "6": {"done": 1, "accuracy": 0.2652000342457738}, "4": {"done": 1, "accuracy": 0.49061396815929853}, "5": {"done": 1, "accuracy": 0.6442879404996968}}}